[
    {
        "Version": 1,
        "Key": "349818",
        "Type": "City",
        "Rank": 35,
        "LocalizedName": "Charlotte",
        "EnglishName": "Charlotte",
        "PrimaryPostalCode": "28202",
        "Region": {
            "ID": "NAM",
            "LocalizedName": "North America",
            "EnglishName": "North America"
        },
        "Country": {
            "ID": "US",
            "LocalizedName": "United States",
            "EnglishName": "United States"
        },
        "AdministrativeArea": {
            "ID": "NC",
            "LocalizedName": "North Carolina",
            "EnglishName": "North Carolina",
            "Level": 1,
            "LocalizedType": "State",
            "EnglishType": "State",
            "CountryID": "US"
        },
        "TimeZone": {
            "Code": "EDT",
            "Name": "America/New_York",
            "GmtOffset": -4.0,
            "IsDaylightSaving": true,
            "NextOffsetChange": "2020-11-01T06:00:00Z"
        },
        "GeoPosition": {
            "Latitude": 35.227,
            "Longitude": -80.843,
            "Elevation": {
                "Metric": {
                    "Value": 218.0,
                    "Unit": "m",
                    "UnitType": 5
                },
                "Imperial": {
                    "Value": 715.0,
                    "Unit": "ft",
                    "UnitType": 0
                }
            }
        },
        "IsAlias": false,
        "SupplementalAdminAreas": [
            {
                "Level": 2,
                "LocalizedName": "Mecklenburg",
                "EnglishName": "Mecklenburg"
            }
        ],
        "DataSets": [
            "AirQualityCurrentConditions",
            "AirQualityForecasts",
            "Alerts",
            "DailyAirQualityForecast",
            "DailyPollenForecast",
            "ForecastConfidence",
            "MinuteCast",
            "Radar"
        ]
    },
    {
        "Version": 1,
        "Key": "333633",
        "Type": "City",
        "Rank": 75,
        "LocalizedName": "Charlotte",
        "EnglishName": "Charlotte",
        "PrimaryPostalCode": "48813",
        "Region": {
            "ID": "NAM",
            "LocalizedName": "North America",
            "EnglishName": "North America"
        },
        "Country": {
            "ID": "US",
            "LocalizedName": "United States",
            "EnglishName": "United States"
        },
        "AdministrativeArea": {
            "ID": "MI",
            "LocalizedName": "Michigan",
            "EnglishName": "Michigan",
            "Level": 1,
            "LocalizedType": "State",
            "EnglishType": "State",
            "CountryID": "US"
        },
        "TimeZone": {
            "Code": "EDT",
            "Name": "America/Detroit",
            "GmtOffset": -4.0,
            "IsDaylightSaving": true,
            "NextOffsetChange": "2020-11-01T06:00:00Z"
        },
        "GeoPosition": {
            "Latitude": 42.564,
            "Longitude": -84.836,
            "Elevation": {
                "Metric": {
                    "Value": 286.0,
                    "Unit": "m",
                    "UnitType": 5
                },
                "Imperial": {
                    "Value": 938.0,
                    "Unit": "ft",
                    "UnitType": 0
                }
            }
        },
        "IsAlias": false,
        "SupplementalAdminAreas": [
            {
                "Level": 2,
                "LocalizedName": "Eaton",
                "EnglishName": "Eaton"
            }
        ],
        "DataSets": [
            "AirQualityCurrentConditions",
            "AirQualityForecasts",
            "Alerts",
            "DailyAirQualityForecast",
            "DailyPollenForecast",
            "ForecastConfidence",
            "MinuteCast",
            "Radar"
        ]
    },
    {
        "Version": 1,
        "Key": "2204136",
        "Type": "City",
        "Rank": 85,
        "LocalizedName": "Charlotte",
        "EnglishName": "Charlotte",
        "PrimaryPostalCode": "52731",
        "Region": {
            "ID": "NAM",
            "LocalizedName": "North America",
            "EnglishName": "North America"
        },
        "Country": {
            "ID": "US",
            "LocalizedName": "United States",
            "EnglishName": "United States"
        },
        "AdministrativeArea": {
            "ID": "IA",
            "LocalizedName": "Iowa",
            "EnglishName": "Iowa",
            "Level": 1,
            "LocalizedType": "State",
            "EnglishType": "State",
            "CountryID": "US"
        },
        "TimeZone": {
            "Code": "CDT",
            "Name": "America/Chicago",
            "GmtOffset": -5.0,
            "IsDaylightSaving": true,
            "NextOffsetChange": "2020-11-01T07:00:00Z"
        },
        "GeoPosition": {
            "Latitude": 41.96,
            "Longitude": -90.465,
            "Elevation": {
                "Metric": {
                    "Value": 216.0,
                    "Unit": "m",
                    "UnitType": 5
                },
                "Imperial": {
                    "Value": 708.0,
                    "Unit": "ft",
                    "UnitType": 0
                }
            }
        },
        "IsAlias": false,
        "SupplementalAdminAreas": [
            {
                "Level": 2,
                "LocalizedName": "Clinton",
                "EnglishName": "Clinton"
            }
        ],
        "DataSets": [
            "AirQualityCurrentConditions",
            "AirQualityForecasts",
            "Alerts",
            "DailyAirQualityForecast",
            "DailyPollenForecast",
            "ForecastConfidence",
            "MinuteCast",
            "Radar"
        ]
    },
    {
        "Version": 1,
        "Key": "335683",
        "Type": "City",
        "Rank": 85,
        "LocalizedName": "Charlotte",
        "EnglishName": "Charlotte",
        "PrimaryPostalCode": "37036",
        "Region": {
            "ID": "NAM",
            "LocalizedName": "North America",
            "EnglishName": "North America"
        },
        "Country": {
            "ID": "US",
            "LocalizedName": "United States",
            "EnglishName": "United States"
        },
        "AdministrativeArea": {
            "ID": "TN",
            "LocalizedName": "Tennessee",
            "EnglishName": "Tennessee",
            "Level": 1,
            "LocalizedType": "State",
            "EnglishType": "State",
            "CountryID": "US"
        },
        "TimeZone": {
            "Code": "CDT",
            "Name": "America/Chicago",
            "GmtOffset": -5.0,
            "IsDaylightSaving": true,
            "NextOffsetChange": "2020-11-01T07:00:00Z"
        },
        "GeoPosition": {
            "Latitude": 36.177,
            "Longitude": -87.34,
            "Elevation": {
                "Metric": {
                    "Value": 230.0,
                    "Unit": "m",
                    "UnitType": 5
                },
                "Imperial": {
                    "Value": 754.0,
                    "Unit": "ft",
                    "UnitType": 0
                }
            }
        },
        "IsAlias": false,
        "SupplementalAdminAreas": [
            {
                "Level": 2,
                "LocalizedName": "Dickson",
                "EnglishName": "Dickson"
            }
        ],
        "DataSets": [
            "AirQualityCurrentConditions",
            "AirQualityForecasts",
            "Alerts",
            "DailyAirQualityForecast",
            "DailyPollenForecast",
            "ForecastConfidence",
            "MinuteCast",
            "Radar"
        ]
    },
    {
        "Version": 1,
        "Key": "336017",
        "Type": "City",
        "Rank": 85,
        "LocalizedName": "Charlotte",
        "EnglishName": "Charlotte",
        "PrimaryPostalCode": "78011",
        "Region": {
            "ID": "NAM",
            "LocalizedName": "North America",
            "EnglishName": "North America"
        },
        "Country": {
            "ID": "US",
            "LocalizedName": "United States",
            "EnglishName": "United States"
        },
        "AdministrativeArea": {
            "ID": "TX",
            "LocalizedName": "Texas",
            "EnglishName": "Texas",
            "Level": 1,
            "LocalizedType": "State",
            "EnglishType": "State",
            "CountryID": "US"
        },
        "TimeZone": {
            "Code": "CDT",
            "Name": "America/Chicago",
            "GmtOffset": -5.0,
            "IsDaylightSaving": true,
            "NextOffsetChange": "2020-11-01T07:00:00Z"
        },
        "GeoPosition": {
            "Latitude": 28.862,
            "Longitude": -98.706,
            "Elevation": {
                "Metric": {
                    "Value": 162.0,
                    "Unit": "m",
                    "UnitType": 5
                },
                "Imperial": {
                    "Value": 531.0,
                    "Unit": "ft",
                    "UnitType": 0
                }
            }
        },
        "IsAlias": false,
        "SupplementalAdminAreas": [
            {
                "Level": 2,
                "LocalizedName": "Atascosa",
                "EnglishName": "Atascosa"
            }
        ],
        "DataSets": [
            "AirQualityCurrentConditions",
            "AirQualityForecasts",
            "Alerts",
            "DailyAirQualityForecast",
            "DailyPollenForecast",
            "ForecastConfidence",
            "MinuteCast",
            "Radar"
        ]
    },
    {
        "Version": 1,
        "Key": "2199078",
        "Type": "City",
        "Rank": 285,
        "LocalizedName": "Charlotte",
        "EnglishName": "Charlotte",
        "PrimaryPostalCode": "04666",
        "Region": {
            "ID": "NAM",
            "LocalizedName": "North America",
            "EnglishName": "North America"
        },
        "Country": {
            "ID": "US",
            "LocalizedName": "United States",
            "EnglishName": "United States"
        },
        "AdministrativeArea": {
            "ID": "ME",
            "LocalizedName": "Maine",
            "EnglishName": "Maine",
            "Level": 1,
            "LocalizedType": "State",
            "EnglishType": "State",
            "CountryID": "US"
        },
        "TimeZone": {
            "Code": "EDT",
            "Name": "America/New_York",
            "GmtOffset": -4.0,
            "IsDaylightSaving": true,
            "NextOffsetChange": "2020-11-01T06:00:00Z"
        },
        "GeoPosition": {
            "Latitude": 45.013,
            "Longitude": -67.274,
            "Elevation": {
                "Metric": {
                    "Value": 30.0,
                    "Unit": "m",
                    "UnitType": 5
                },
                "Imperial": {
                    "Value": 98.0,
                    "Unit": "ft",
                    "UnitType": 0
                }
            }
        },
        "IsAlias": false,
        "SupplementalAdminAreas": [
            {
                "Level": 2,
                "LocalizedName": "Washington",
                "EnglishName": "Washington"
            }
        ],
        "DataSets": [
            "AirQualityCurrentConditions",
            "AirQualityForecasts",
            "Alerts",
            "DailyAirQualityForecast",
            "DailyPollenForecast",
            "ForecastConfidence",
            "MinuteCast",
            "Radar"
        ]
    },
    {
        "Version": 1,
        "Key": "2622112",
        "Type": "City",
        "Rank": 285,
        "LocalizedName": "Charlotte",
        "EnglishName": "Charlotte",
        "PrimaryPostalCode": "14782",
        "Region": {
            "ID": "NAM",
            "LocalizedName": "North America",
            "EnglishName": "North America"
        },
        "Country": {
            "ID": "US",
            "LocalizedName": "United States",
            "EnglishName": "United States"
        },
        "AdministrativeArea": {
            "ID": "NY",
            "LocalizedName": "New York",
            "EnglishName": "New York",
            "Level": 1,
            "LocalizedType": "State",
            "EnglishType": "State",
            "CountryID": "US"
        },
        "TimeZone": {
            "Code": "EDT",
            "Name": "America/New_York",
            "GmtOffset": -4.0,
            "IsDaylightSaving": true,
            "NextOffsetChange": "2020-11-01T06:00:00Z"
        },
        "GeoPosition": {
            "Latitude": 42.305,
            "Longitude": -79.237,
            "Elevation": {
                "Metric": {
                    "Value": 502.0,
                    "Unit": "m",
                    "UnitType": 5
                },
                "Imperial": {
                    "Value": 1646.0,
                    "Unit": "ft",
                    "UnitType": 0
                }
            }
        },
        "IsAlias": false,
        "SupplementalAdminAreas": [
            {
                "Level": 2,
                "LocalizedName": "Chautauqua",
                "EnglishName": "Chautauqua"
            }
        ],
        "DataSets": [
            "AirQualityCurrentConditions",
            "AirQualityForecasts",
            "Alerts",
            "DailyAirQualityForecast",
            "DailyPollenForecast",
            "ForecastConfidence",
            "MinuteCast",
            "Radar"
        ]
    },
    {
        "Version": 1,
        "Key": "2184624",
        "Type": "City",
        "Rank": 285,
        "LocalizedName": "Charlotte",
        "EnglishName": "Charlotte",
        "PrimaryPostalCode": "05445",
        "Region": {
            "ID": "NAM",
            "LocalizedName": "North America",
            "EnglishName": "North America"
        },
        "Country": {
            "ID": "US",
            "LocalizedName": "United States",
            "EnglishName": "United States"
        },
        "AdministrativeArea": {
            "ID": "VT",
            "LocalizedName": "Vermont",
            "EnglishName": "Vermont",
            "Level": 1,
            "LocalizedType": "State",
            "EnglishType": "State",
            "CountryID": "US"
        },
        "TimeZone": {
            "Code": "EDT",
            "Name": "America/New_York",
            "GmtOffset": -4.0,
            "IsDaylightSaving": true,
            "NextOffsetChange": "2020-11-01T06:00:00Z"
        },
        "GeoPosition": {
            "Latitude": 44.309,
            "Longitude": -73.236,
            "Elevation": {
                "Metric": {
                    "Value": 139.0,
                    "Unit": "m",
                    "UnitType": 5
                },
                "Imperial": {
                    "Value": 455.0,
                    "Unit": "ft",
                    "UnitType": 0
                }
            }
        },
        "IsAlias": false,
        "SupplementalAdminAreas": [
            {
                "Level": 2,
                "LocalizedName": "Chittenden",
                "EnglishName": "Chittenden"
            }
        ],
        "DataSets": [
            "AirQualityCurrentConditions",
            "AirQualityForecasts",
            "Alerts",
            "DailyAirQualityForecast",
            "DailyPollenForecast",
            "ForecastConfidence",
            "MinuteCast",
            "Radar"
        ]
    },
    {
        "Version": 1,
        "Key": "2091533",
        "Type": "City",
        "Rank": 385,
        "LocalizedName": "Charlotte",
        "EnglishName": "Charlotte",
        "PrimaryPostalCode": "72522",
        "Region": {
            "ID": "NAM",
            "LocalizedName": "North America",
            "EnglishName": "North America"
        },
        "Country": {
            "ID": "US",
            "LocalizedName": "United States",
            "EnglishName": "United States"
        },
        "AdministrativeArea": {
            "ID": "AR",
            "LocalizedName": "Arkansas",
            "EnglishName": "Arkansas",
            "Level": 1,
            "LocalizedType": "State",
            "EnglishType": "State",
            "CountryID": "US"
        },
        "TimeZone": {
            "Code": "CDT",
            "Name": "America/Chicago",
            "GmtOffset": -5.0,
            "IsDaylightSaving": true,
            "NextOffsetChange": "2020-11-01T07:00:00Z"
        },
        "GeoPosition": {
            "Latitude": 35.818,
            "Longitude": -91.439,
            "Elevation": {
                "Metric": {
                    "Value": 107.0,
                    "Unit": "m",
                    "UnitType": 5
                },
                "Imperial": {
                    "Value": 350.0,
                    "Unit": "ft",
                    "UnitType": 0
                }
            }
        },
        "IsAlias": false,
        "SupplementalAdminAreas": [
            {
                "Level": 2,
                "LocalizedName": "Independence",
                "EnglishName": "Independence"
            }
        ],
        "DataSets": [
            "AirQualityCurrentConditions",
            "AirQualityForecasts",
            "Alerts",
            "DailyAirQualityForecast",
            "DailyPollenForecast",
            "ForecastConfidence",
            "MinuteCast",
            "Radar"
        ]
    },
    {
        "Version": 1,
        "Key": "2205834",
        "Type": "City",
        "Rank": 385,
        "LocalizedName": "Charlotte",
        "EnglishName": "Charlotte",
        "PrimaryPostalCode": "70560",
        "Region": {
            "ID": "NAM",
            "LocalizedName": "North America",
            "EnglishName": "North America"
        },
        "Country": {
            "ID": "US",
            "LocalizedName": "United States",
            "EnglishName": "United States"
        },
        "AdministrativeArea": {
            "ID": "LA",
            "LocalizedName": "Louisiana",
            "EnglishName": "Louisiana",
            "Level": 1,
            "LocalizedType": "State",
            "EnglishType": "State",
            "CountryID": "US"
        },
        "TimeZone": {
            "Code": "CDT",
            "Name": "America/Chicago",
            "GmtOffset": -5.0,
            "IsDaylightSaving": true,
            "NextOffsetChange": "2020-11-01T07:00:00Z"
        },
        "GeoPosition": {
            "Latitude": 29.996,
            "Longitude": -91.913,
            "Elevation": {
                "Metric": {
                    "Value": 3.0,
                    "Unit": "m",
                    "UnitType": 5
                },
                "Imperial": {
                    "Value": 9.0,
                    "Unit": "ft",
                    "UnitType": 0
                }
            }
        },
        "IsAlias": false,
        "SupplementalAdminAreas": [
            {
                "Level": 2,
                "LocalizedName": "Iberia",
                "EnglishName": "Iberia"
            }
        ],
        "DataSets": [
            "AirQualityCurrentConditions",
            "AirQualityForecasts",
            "Alerts",
            "DailyAirQualityForecast",
            "DailyPollenForecast",
            "ForecastConfidence",
            "MinuteCast",
            "Radar"
        ]
    },
    {
        "Version": 1,
        "Key": "2101956",
        "Type": "City",
        "Rank": 385,
        "LocalizedName": "Charlotte",
        "EnglishName": "Charlotte",
        "PrimaryPostalCode": "14612",
        "Region": {
            "ID": "NAM",
            "LocalizedName": "North America",
            "EnglishName": "North America"
        },
        "Country": {
            "ID": "US",
            "LocalizedName": "United States",
            "EnglishName": "United States"
        },
        "AdministrativeArea": {
            "ID": "NY",
            "LocalizedName": "New York",
            "EnglishName": "New York",
            "Level": 1,
            "LocalizedType": "State",
            "EnglishType": "State",
            "CountryID": "US"
        },
        "TimeZone": {
            "Code": "EDT",
            "Name": "America/New_York",
            "GmtOffset": -4.0,
            "IsDaylightSaving": true,
            "NextOffsetChange": "2020-11-01T06:00:00Z"
        },
        "GeoPosition": {
            "Latitude": 43.255,
            "Longitude": -77.617,
            "Elevation": {
                "Metric": {
                    "Value": 86.0,
                    "Unit": "m",
                    "UnitType": 5
                },
                "Imperial": {
                    "Value": 282.0,
                    "Unit": "ft",
                    "UnitType": 0
                }
            }
        },
        "IsAlias": false,
        "SupplementalAdminAreas": [
            {
                "Level": 2,
                "LocalizedName": "Monroe",
                "EnglishName": "Monroe"
            }
        ],
        "DataSets": [
            "AirQualityCurrentConditions",
            "AirQualityForecasts",
            "Alerts",
            "DailyAirQualityForecast",
            "DailyPollenForecast",
            "ForecastConfidence",
            "MinuteCast",
            "Radar"
        ]
    }
]