[
    {
        "LocalObservationDateTime": "2020-03-14T14:19:00-04:00",
        "EpochTime": 1584209940,
        "WeatherText": "Cloudy",
        "WeatherIcon": 7,
        "HasPrecipitation": false,
        "PrecipitationType": null,
        "IsDayTime": true,
        "Temperature": {
            "Metric": {
                "Value": 18.3,
                "Unit": "C",
                "UnitType": 17
            },
            "Imperial": {
                "Value": 65.0,
                "Unit": "F",
                "UnitType": 18
            }
        },
        "MobileLink": "http://m.accuweather.com/en/us/charlotte-nc/28202/current-weather/349818?lang=en-us",
        "Link": "http://www.accuweather.com/en/us/charlotte-nc/28202/current-weather/349818?lang=en-us"
    }
]