{
  "project_info": {
    "project_number": "279920635289",
    "firebase_url": "https://inclass14-8ef20.firebaseio.com",
    "project_id": "inclass14-8ef20",
    "storage_bucket": "inclass14-8ef20.appspot.com"
  },
  "client": [
    {
      "client_info": {
        "mobilesdk_app_id": "1:279920635289:android:6fdc6492f29dad0c823708",
        "android_client_info": {
          "package_name": "com.example.inclass14"
        }
      },
      "oauth_client": [
        {
          "client_id": "279920635289-sg5trk515esmnsfat8us8eerg89ufi4f.apps.googleusercontent.com",
          "client_type": 3
        }
      ],
      "api_key": [
        {
          "current_key": "AIzaSyAU6s41nkwIkm30RlqutLLihW7lVi_nHYk"
        }
      ],
      "services": {
        "appinvite_service": {
          "other_platform_oauth_client": [
            {
              "client_id": "279920635289-sg5trk515esmnsfat8us8eerg89ufi4f.apps.googleusercontent.com",
              "client_type": 3
            }
          ]
        }
      }
    }
  ],
  "configuration_version": "1"
}