{
  "project_info": {
    "project_number": "227674232206",
    "firebase_url": "https://inclass12-f31c2.firebaseio.com",
    "project_id": "inclass12-f31c2",
    "storage_bucket": "inclass12-f31c2.appspot.com"
  },
  "client": [
    {
      "client_info": {
        "mobilesdk_app_id": "1:227674232206:android:2eca15a3dda5b027a840df",
        "android_client_info": {
          "package_name": "com.example.inclass12"
        }
      },
      "oauth_client": [
        {
          "client_id": "227674232206-if4vbk4js4p5qogr1elbndq4r2k6j1fg.apps.googleusercontent.com",
          "client_type": 3
        }
      ],
      "api_key": [
        {
          "current_key": "AIzaSyD992dRaW_PbV5-XwUgmyQT20YCzxV6O7I"
        }
      ],
      "services": {
        "appinvite_service": {
          "other_platform_oauth_client": [
            {
              "client_id": "227674232206-if4vbk4js4p5qogr1elbndq4r2k6j1fg.apps.googleusercontent.com",
              "client_type": 3
            }
          ]
        }
      }
    }
  ],
  "configuration_version": "1"
}